question,tag,answer
"আমি হচ্ছে জমি কিনেছি তো জমি খারিজ, নামজারি, মিউটেশন করতে চাচ্ছিলাম, এখন কিভাবে কি করবো",namjari_process,"ভূমিসেবার অনান্য সেবা গ্রহণের জন্য যদি নিবন্ধন না করা থাকে প্রথমে land.gov.bd নিবন্ধন করতে হবে পরে লগইন করতে হবে। আর নিবন্ধন থাকলে সরাসরি লগইন করতে হবে।  মিউটেশন বাটনে ক্লিক করে প্রবেশ করে তথ্য দিয়ে কাজ করতে হবে।"
"আচ্ছা, নামজারি সেবাটা পেতে হলে কী করতে হবে, আর কোথায় যেতে হবে একটু বুঝিয়ে বলবেন?",namjari_process,"ভূমিসেবার অনান্য সেবা গ্রহণের জন্য যদি নিবন্ধন না করা থাকে প্রথমে land.gov.bd নিবন্ধন করতে হবে পরে লগইন করতে হবে। আর নিবন্ধন থাকলে সরাসরি লগইন করতে হবে।  মিউটেশন বাটনে ক্লিক করে প্রবেশ করে তথ্য দিয়ে কাজ করতে হবে।"
আচ্ছা খারিজ কি অনলাইনে করা যায়? করা গেলে কিভাবে?,namjari_process,"ভূমিসেবার অনান্য সেবা গ্রহণের জন্য যদি নিবন্ধন না করা থাকে প্রথমে land.gov.bd নিবন্ধনকরতে হবে পরে লগইন করতে হবে। আর নিবন্ধন থাকলে সরাসরি লগইন করতে হবে।  মিউটেশন বাটনে ক্লিক করে প্রবেশ করে তথ্য দিয়ে কাজ করতে হবে।"
নামজারি আবেদন নিজে নিজে করা যায় কি?,namjari_application_procedure,"আপনার মোবাইলে বা ল্যাপটপে বা কম্পিউটারে ইন্টারনেট থাকলে আপনি নিজেই পারবেন, আর যদি না থাকে তবে ভূমি সহায়তা কেন্দ্র বা তেজগাঁওয়ে ভূমি ভবনে ভূমি সেবা কেন্দ্রে বা আপনার নিকটস্থ দোকানে কম্পিউটারে সরকারি সেবা নিয়ে কাজ করে সেখানে করাতে পারেন।"
নামজারি করার জন্য ভূমি অফিসে যাওয়া লাগে কি?,namjari_application_procedure,"আপনার মোবাইলে বা ল্যাপটপে বা কম্পিউটারে ইন্টারনেট থাকলে আপনি নিজেই পারবেন, আর যদি না থাকে তবে ভূমি সহায়তা কেন্দ্র বা তেজগাঁওয়ে ভূমি ভবনে ভূমি সেবা কেন্দ্রে বা আপনার নিকটস্থ দোকানে কম্পিউটারে সরকারি সেবা নিয়ে কাজ করে সেখানে করাতে পারেন।"
অফিসে না গিয়ে কি নামজারি করা সম্ভব যদি নিজে করতে চাই আরকি?,namjari_application_procedure,"আপনার মোবাইলে বা ল্যাপটপে বা কম্পিউটারে ইন্টারনেট থাকলে আপনি নিজেই পারবেন, আর যদি না থাকে তবে ভূমি সহায়তা কেন্দ্র বা তেজগাঁওয়ে ভূমি ভবনে ভূমি সেবা কেন্দ্রে বা আপনার নিকটস্থ দোকানে কম্পিউটারে সরকারি সেবা নিয়ে কাজ করে সেখানে করাতে পারেন।"
কারো সাহায্যে কি নামজারি করা যাবে?,namjari_application_procedure,"আপনার মোবাইলে বা ল্যাপটপে বা কম্পিউটারে ইন্টারনেট থাকলে আপনি নিজেই পারবেন, আর যদি না থাকে তবে ভূমি সহায়তা কেন্দ্র বা তেজগাঁওয়ে ভূমি ভবনে ভূমি সেবা কেন্দ্রে বা আপনার নিকটস্থ দোকানে কম্পিউটারে সরকারি সেবা নিয়ে কাজ করে সেখানে করাতে পারেন।"
অন্যের সাহায্যে নামজারি করা যায় কি?,namjari_application_procedure,"আপনার মোবাইলে বা ল্যাপটপে বা কম্পিউটারে ইন্টারনেট থাকলে আপনি নিজেই পারবেন, আর যদি না থাকে তবে ভূমি সহায়তা কেন্দ্র বা তেজগাঁওয়ে ভূমি ভবনে ভূমি সেবা কেন্দ্রে বা আপনার নিকটস্থ দোকানে কম্পিউটারে সরকারি সেবা নিয়ে কাজ করে সেখানে করাতে পারেন।"
নামজারির জন্য অনলাইন থেকে কি আবেদন করা যায়?,namjari_application_procedure,"আপনার মোবাইলে বা ল্যাপটপে বা কম্পিউটারে ইন্টারনেট থাকলে আপনি নিজেই পারবেন, আর যদি না থাকে তবে ভূমি সহায়তা কেন্দ্র বা তেজগাঁওয়ে ভূমি ভবনে ভূমি সেবা কেন্দ্রে বা আপনার নিকটস্থ দোকানে কম্পিউটারে সরকারি সেবা নিয়ে কাজ করে সেখানে করাতে পারেন।"
নামজারি কি অনলাইনে করা যায়?,namjari_application_procedure,"আপনার মোবাইলে বা ল্যাপটপে বা কম্পিউটারে ইন্টারনেট থাকলে আপনি নিজেই পারবেন, আর যদি না থাকে তবে ভূমি সহায়তা কেন্দ্র বা তেজগাঁওয়ে ভূমি ভবনে ভূমি সেবা কেন্দ্রে বা আপনার নিকটস্থ দোকানে কম্পিউটারে সরকারি সেবা নিয়ে কাজ করে সেখানে করাতে পারেন।"
নামজারি আবেদন জমা দিতে কি সেবাপোর্টালে যেতে হয়?,namjari_application_procedure,"আপনার মোবাইলে বা ল্যাপটপে বা কম্পিউটারে ইন্টারনেট থাকলে আপনি নিজেই পারবেন, আর যদি না থাকে তবে ভূমি সহায়তা কেন্দ্র বা তেজগাঁওয়ে ভূমি ভবনে ভূমি সেবা কেন্দ্রে বা আপনার নিকটস্থ দোকানে কম্পিউটারে সরকারি সেবা নিয়ে কাজ করে সেখানে করাতে পারেন।"
নামজারির জন্য রেজিস্ট্রেশন করতে চাচ্ছিলাম তো এখন কি কি ডকুমেন্টস লাগবে?,namjari_registration,প্রথমে land.gov.bd ক্লিক করলে  নিবন্ধন বাটনে ক্লিক করবেন। নিবন্ধন করতে নিজের মোবাইল ও নিজ নামে মোবাইল নম্বর থাকা ভাল। আবেদনকারীর এনআইডি বা জন্মনিবন্ধন থাকতে হবে।
"নামজারি, খারিজ, মিউটেশন নিবন্ধন করতে এনআইডি বা জন্মনিবন্ধন লাগে কি?",namjari_registration,প্রথমে land.gov.bd ক্লিক করলে  নিবন্ধন বাটনে ক্লিক করবেন। নিবন্ধন করতে নিজের মোবাইল ও নিজ নামে মোবাইল নম্বর থাকা ভাল। আবেদনকারীর এনআইডি বা জন্মনিবন্ধন থাকতে হবে।
নিবন্ধনের জন্য কাগজপত্র কি লাগবে?,namjari_registration,প্রথমে land.gov.bd ক্লিক করলে  নিবন্ধন বাটনে ক্লিক করবেন। নিবন্ধন করতে নিজের মোবাইল ও নিজ নামে মোবাইল নম্বর থাকা ভাল। আবেদনকারীর এনআইডি বা জন্মনিবন্ধন থাকতে হবে।
নিবন্ধন করতে কোন ফরম পূরণ করতে হয়?,namjari_registration,প্রথমে land.gov.bd ক্লিক করলে  নিবন্ধন বাটনে ক্লিক করবেন। নিবন্ধন করতে নিজের মোবাইল ও নিজ নামে মোবাইল নম্বর থাকা ভাল। আবেদনকারীর এনআইডি বা জন্মনিবন্ধন থাকতে হবে।
নিবন্ধনে কি ওটিপি আসবে?,namjari_registration,প্রথমে land.gov.bd ক্লিক করলে  নিবন্ধন বাটনে ক্লিক করবেন। নিবন্ধন করতে নিজের মোবাইল ও নিজ নামে মোবাইল নম্বর থাকা ভাল। আবেদনকারীর এনআইডি বা জন্মনিবন্ধন থাকতে হবে।
আমি না থাকলে প্রতিনিধি দিয়ে কি আবেদন করা সম্ভব?,namjari_by_representative,"প্রতিনিধি দিয়ে নামজারির আবেদন করা যায়, তবে প্রতিনিধির প্রমান হিসাবে অথোরাইজেসন পত্র বা ক্ষমতা অর্পনের পত্র দিতে হয়। প্রতিনিধির নামে নামজারি হয় না , শুধু তিনি আবেদনকারী থাকেন। তবে নিজে নিজেই নামজারি আবেদন করা উত্তম।"
আমি নিজ এলাকার বাইরে থাকি অন্য কেউ প্রতিনিধি হয়ে নামজারির আবেদন করতে পারে কিনা?,namjari_by_representative,"প্রতিনিধি দিয়ে নামজারির আবেদন করা যায়, তবে প্রতিনিধির প্রমান হিসাবে অথোরাইজেসন পত্র বা ক্ষমতা অর্পনের পত্র দিতে হয়। প্রতিনিধির নামে নামজারি হয় না , শুধু তিনি আবেদনকারী থাকেন। তবে নিজে নিজেই নামজারি আবেদন করা উত্তম।"
আমি বিদেশে থাকি আমার ভাই বা আত্মীয় নামজারির আবেদন করতে পারে কিনা?,namjari_by_representative,"প্রতিনিধি দিয়ে নামজারির আবেদন করা যায়, তবে প্রতিনিধির প্রমান হিসাবে অথোরাইজেসন পত্র বা ক্ষমতা অর্পনের পত্র দিতে হয়। প্রতিনিধির নামে নামজারি হয় না , শুধু তিনি আবেদনকারী থাকেন। তবে নিজে নিজেই নামজারি আবেদন করা উত্তম।"
আমি হচ্ছে প্রবাসী আরকি এখন আমার খারিজ টা দেশে কি অন্য কেউ করতে পারবে?,namjari_by_representative,"প্রতিনিধি দিয়ে নামজারির আবেদন করা যায়, তবে প্রতিনিধির প্রমান হিসাবে অথোরাইজেসন পত্র বা ক্ষমতা অর্পনের পত্র দিতে হয়। প্রতিনিধির নামে নামজারি হয় না , শুধু তিনি আবেদনকারী থাকেন। তবে নিজে নিজেই নামজারি আবেদন করা উত্তম।"
আমি মহিলা মানুষ জমিজমার অত শত বুঝিনা এখন খারিজ নামজারি টে অন্য আরেকজন আমার সোয়ামি ভাই বাপ করতে পারবে কি?,namjari_by_representative,"প্রতিনিধি দিয়ে নামজারির আবেদন করা যায়, তবে প্রতিনিধির প্রমান হিসাবে অথোরাইজেসন পত্র বা ক্ষমতা অর্পনের পত্র দিতে হয়। প্রতিনিধির নামে নামজারি হয় না , শুধু তিনি আবেদনকারী থাকেন। তবে নিজে নিজেই নামজারি আবেদন করা উত্তম।"
প্রতিনিধি দিয়ে নামজারি করালে কি জমি তার নামে হয়ে যাবে?,namjari_by_representative,"প্রতিনিধি দিয়ে নামজারির আবেদন করা যায়, তবে প্রতিনিধির প্রমান হিসাবে অথোরাইজেসন পত্র বা ক্ষমতা অর্পনের পত্র দিতে হয়। প্রতিনিধির নামে নামজারি হয় না , শুধু তিনি আবেদনকারী থাকেন। তবে নিজে নিজেই নামজারি আবেদন করা উত্তম।"
প্রতিনিধি দিয়ে নামজারির আবেদন করলে তার পক্ষে কি কাগজ দিতে হয়।,namjari_by_representative,"প্রতিনিধি দিয়ে নামজারির আবেদন করা যায়, তবে প্রতিনিধির প্রমান হিসাবে অথোরাইজেসন পত্র বা ক্ষমতা অর্পনের পত্র দিতে হয়। প্রতিনিধির নামে নামজারি হয় না , শুধু তিনি আবেদনকারী থাকেন। তবে নিজে নিজেই নামজারি আবেদন করা উত্তম।"
আমি তো এলাকায় থাকিনা এখন আমার খারিজ অন্য কেউ করলে সেই ক্ষেত্রে কি কি লাগবে?,namjari_by_representative,"প্রতিনিধি দিয়ে নামজারির আবেদন করা যায়, তবে প্রতিনিধির প্রমান হিসাবে অথোরাইজেসন পত্র বা ক্ষমতা অর্পনের পত্র দিতে হয়। প্রতিনিধির নামে নামজারি হয় না , শুধু তিনি আবেদনকারী থাকেন। তবে নিজে নিজেই নামজারি আবেদন করা উত্তম।"
"প্রতিনিধি দিয়ে নামজারির আবেদন করলে তার পক্ষে কি কাগজ, ডকুমেন্টস দিতে হয়।",namjari_by_representative,"প্রতিনিধি দিয়ে নামজারির আবেদন করা যায়, তবে প্রতিনিধির প্রমান হিসাবে অথোরাইজেসন পত্র বা ক্ষমতা অর্পনের পত্র দিতে হয়। প্রতিনিধির নামে নামজারি হয় না , শুধু তিনি আবেদনকারী থাকেন। তবে নিজে নিজেই নামজারি আবেদন করা উত্তম।"
"নামজারি, খারিজ, মিউটেশন আবেদন প্রতিনিধি হলে কি পরিচয়পত্র লাগবে?",namjari_by_representative,"প্রতিনিধি দিয়ে নামজারির আবেদন করা যায়, তবে প্রতিনিধির প্রমান হিসাবে অথোরাইজেসন পত্র বা ক্ষমতা অর্পনের পত্র দিতে হয়। প্রতিনিধির নামে নামজারি হয় না , শুধু তিনি আবেদনকারী থাকেন। তবে নিজে নিজেই নামজারি আবেদন করা উত্তম।"
"কখন নামজারি, খারিজ, মিউটেশন করা আবশ্যক?",namjari_eligibility,আপনি হস্তান্তর দলিল মূলে ক্রয় বা হেবা বা এওয়াজবদল বা উত্তরাধিকারীসূত্রে বা কোর্টের আদেশে যদি জমির মালিক হয়ে থাকেন তবে অবশ্যই আপনাকে নামজারি করতে হবে।
"নামজারি, খারিজ, মিউটেশন কবে করতে হয়?",namjari_eligibility,আপনি হস্তান্তর দলিল মূলে ক্রয় বা হেবা বা এওয়াজবদল বা উত্তরাধিকারীসূত্রে বা কোর্টের আদেশে যদি জমির মালিক হয়ে থাকেন তবে অবশ্যই আপনাকে নামজারি করতে হবে।
"জমি কেনার পর নামজারি, খারিজ, মিউটেশন করতে হবে কি?",namjari_eligibility,আপনি হস্তান্তর দলিল মূলে ক্রয় বা হেবা বা এওয়াজবদল বা উত্তরাধিকারীসূত্রে বা কোর্টের আদেশে যদি জমির মালিক হয়ে থাকেন তবে অবশ্যই আপনাকে নামজারি করতে হবে।
"কোর্ট রায়ে জমি পেয়েছি, নামজারি কি বাধ্যতামূলক?",namjari_eligibility,আপনি হস্তান্তর দলিল মূলে ক্রয় বা হেবা বা এওয়াজবদল বা উত্তরাধিকারীসূত্রে বা কোর্টের আদেশে যদি জমির মালিক হয়ে থাকেন তবে অবশ্যই আপনাকে নামজারি করতে হবে।
ডিক্রির ভিত্তিতে নামজারি করার পদ্ধতি কী?,namjari_eligibility,আপনি হস্তান্তর দলিল মূলে ক্রয় বা হেবা বা এওয়াজবদল বা উত্তরাধিকারীসূত্রে বা কোর্টের আদেশে যদি জমির মালিক হয়ে থাকেন তবে অবশ্যই আপনাকে নামজারি করতে হবে।
কোর্টের রায় অনুযায়ী জমি পেলে নামজারি করতে হবে কি?,namjari_eligibility,আপনি হস্তান্তর দলিল মূলে ক্রয় বা হেবা বা এওয়াজবদল বা উত্তরাধিকারীসূত্রে বা কোর্টের আদেশে যদি জমির মালিক হয়ে থাকেন তবে অবশ্যই আপনাকে নামজারি করতে হবে।
"ফ্ল্যাটের জমির নামজারি, খারিজ, মিউটেশন করার দরকার আছে?",namjari_eligibility,আপনি হস্তান্তর দলিল মূলে ক্রয় বা হেবা বা এওয়াজবদল বা উত্তরাধিকারীসূত্রে বা কোর্টের আদেশে যদি জমির মালিক হয়ে থাকেন তবে অবশ্যই আপনাকে নামজারি করতে হবে।
"আমি একটা জমি কিনেছি এখন নামজারি, খারিজ, মিউটেশন করতে চাই, দলিল ছাড়াও নামজারির জন্য কি কিছু লাগে?",namjari_required_documents,"ক্রয় বা হেবা বা এওয়াজবদল দলিল মূলে নামজারি করতে- মূল দলিলের মূল কপি বা সার্টিফাইড কপি, দাতার নামে রেকর্ডীয় বা নামজারি খতিয়ান, না থাকলে ভায়া দলিল, যাদের নামে নামজারি হবে তাদের ছবি, এনআইডি ও হালতক শূমি উন্নয়ন করদেয়া প্রমান বা দাখিলা।দলিলের ফটোকপি দিয়ে নামজারি করা যাবে না। আপলোডেড সকল দলিল আবেদনগ্রহীতার একাউন্টে থাকবে, কাজেই মূল দলিল বা সার্টিফাইড কপি দিতে হবে।"
"আমি একটা জমি কিনেছি এখন নামজারি, খারিজ, মিউটেশন করতে চাই, দলিল ছাড়া আর কি কাগজ জমা দিতে হয় নামজারিতে?",namjari_required_documents,"ক্রয় বা হেবা বা এওয়াজবদল দলিল মূলে নামজারি করতে- মূল দলিলের মূল কপি বা সার্টিফাইড কপি, দাতার নামে রেকর্ডীয় বা নামজারি খতিয়ান, না থাকলে ভায়া দলিল, যাদের নামে নামজারি হবে তাদের ছবি, এনআইডি ও হালতক শূমি উন্নয়ন করদেয়া প্রমান বা দাখিলা।দলিলের ফটোকপি দিয়ে নামজারি করা যাবে না। আপলোডেড সকল দলিল আবেদনগ্রহীতার একাউন্টে থাকবে, কাজেই মূল দলিল বা সার্টিফাইড কপি দিতে হবে।"
নামজারি করতে অতিরিক্ত কি লাগে দলিল ছাড়া?,namjari_required_documents,"ক্রয় বা হেবা বা এওয়াজবদল দলিল মূলে নামজারি করতে- মূল দলিলের মূল কপি বা সার্টিফাইড কপি, দাতার নামে রেকর্ডীয় বা নামজারি খতিয়ান, না থাকলে ভায়া দলিল, যাদের নামে নামজারি হবে তাদের ছবি, এনআইডি ও হালতক শূমি উন্নয়ন করদেয়া প্রমান বা দাখিলা।দলিলের ফটোকপি দিয়ে নামজারি করা যাবে না। আপলোডেড সকল দলিল আবেদনগ্রহীতার একাউন্টে থাকবে, কাজেই মূল দলিল বা সার্টিফাইড কপি দিতে হবে।"
"ভূমি উন্নয়ন কর হালতক দেয়া নাই নামজারি, খারিজ, মিউটেশন করা যাবে কি?",namjari_required_documents,"ক্রয় বা হেবা বা এওয়াজবদল দলিল মূলে নামজারি করতে- মূল দলিলের মূল কপি বা সার্টিফাইড কপি, দাতার নামে রেকর্ডীয় বা নামজারি খতিয়ান, না থাকলে ভায়া দলিল, যাদের নামে নামজারি হবে তাদের ছবি, এনআইডি ও হালতক শূমি উন্নয়ন করদেয়া প্রমান বা দাখিলা।দলিলের ফটোকপি দিয়ে নামজারি করা যাবে না। আপলোডেড সকল দলিল আবেদনগ্রহীতার একাউন্টে থাকবে, কাজেই মূল দলিল বা সার্টিফাইড কপি দিতে হবে।"
উন্নয়ন কর না পরিশোধ করলে নামজারি হবে কি?,namjari_required_documents,"ক্রয় বা হেবা বা এওয়াজবদল দলিল মূলে নামজারি করতে- মূল দলিলের মূল কপি বা সার্টিফাইড কপি, দাতার নামে রেকর্ডীয় বা নামজারি খতিয়ান, না থাকলে ভায়া দলিল, যাদের নামে নামজারি হবে তাদের ছবি, এনআইডি ও হালতক শূমি উন্নয়ন করদেয়া প্রমান বা দাখিলা।দলিলের ফটোকপি দিয়ে নামজারি করা যাবে না। আপলোডেড সকল দলিল আবেদনগ্রহীতার একাউন্টে থাকবে, কাজেই মূল দলিল বা সার্টিফাইড কপি দিতে হবে।"
যিনি দলিল করেছেন তিনি কি মালিক হতে হবে নামজারির জন্য?,namjari_required_documents,"ক্রয় বা হেবা বা এওয়াজবদল দলিল মূলে নামজারি করতে- মূল দলিলের মূল কপি বা সার্টিফাইড কপি, দাতার নামে রেকর্ডীয় বা নামজারি খতিয়ান, না থাকলে ভায়া দলিল, যাদের নামে নামজারি হবে তাদের ছবি, এনআইডি ও হালতক শূমি উন্নয়ন করদেয়া প্রমান বা দাখিলা।দলিলের ফটোকপি দিয়ে নামজারি করা যাবে না। আপলোডেড সকল দলিল আবেদনগ্রহীতার একাউন্টে থাকবে, কাজেই মূল দলিল বা সার্টিফাইড কপি দিতে হবে।"
দলিলের দাতার নামে রেকর্ড না থাকলে নামজারি করা যাবে?,namjari_required_documents,"ক্রয় বা হেবা বা এওয়াজবদল দলিল মূলে নামজারি করতে- মূল দলিলের মূল কপি বা সার্টিফাইড কপি, দাতার নামে রেকর্ডীয় বা নামজারি খতিয়ান, না থাকলে ভায়া দলিল, যাদের নামে নামজারি হবে তাদের ছবি, এনআইডি ও হালতক শূমি উন্নয়ন করদেয়া প্রমান বা দাখিলা।দলিলের ফটোকপি দিয়ে নামজারি করা যাবে না। আপলোডেড সকল দলিল আবেদনগ্রহীতার একাউন্টে থাকবে, কাজেই মূল দলিল বা সার্টিফাইড কপি দিতে হবে।"
নামজারি করতে ফটোকপি যথেষ্ট কি?,namjari_required_documents,"ক্রয় বা হেবা বা এওয়াজবদল দলিল মূলে নামজারি করতে- মূল দলিলের মূল কপি বা সার্টিফাইড কপি, দাতার নামে রেকর্ডীয় বা নামজারি খতিয়ান, না থাকলে ভায়া দলিল, যাদের নামে নামজারি হবে তাদের ছবি, এনআইডি ও হালতক শূমি উন্নয়ন করদেয়া প্রমান বা দাখিলা।দলিলের ফটোকপি দিয়ে নামজারি করা যাবে না। আপলোডেড সকল দলিল আবেদনগ্রহীতার একাউন্টে থাকবে, কাজেই মূল দলিল বা সার্টিফাইড কপি দিতে হবে।"
উত্তরাধিকার সূত্রে নামজারি করতে হলে কি কাগজ দরকার?,namjari_inheritance_documents,"মূল মালিকের মৃত্যুর পরে তার ওয়ারিশগণের নামে নামজারি করতে যদি একটি খতিয়ানে সকল ওয়ারিশদের নাম রাখা হয় তবে রেজিস্টার্ড বন্টননামা লাগবে না, যদি একাধিক ওয়ারিশানদের নামে পৃথক খতিয়ান করতে চায় সেক্ষেত্রে রেজিস্টার্ড বন্টননামা লাগবে। এছাড়া হাল ওয়াশিাননামা, মূল মালিকের খতিয়ানের বা নামজারি খতিয়ানের কপি, সকলের ছবি ও এনআইডি লাগবে।"
বাবার মৃত্যুর পর জমির নামজারিতে কিকি কাগজপত্র জমা দিতে হয়?,namjari_inheritance_documents,"মূল মালিকের মৃত্যুর পরে তার ওয়ারিশগণের নামে নামজারি করতে যদি একটি খতিয়ানে সকল ওয়ারিশদের নাম রাখা হয় তবে রেজিস্টার্ড বন্টননামা লাগবে না, যদি একাধিক ওয়ারিশানদের নামে পৃথক খতিয়ান করতে চায় সেক্ষেত্রে রেজিস্টার্ড বন্টননামা লাগবে। এছাড়া হাল ওয়াশিাননামা, মূল মালিকের খতিয়ানের বা নামজারি খতিয়ানের কপি, সকলের ছবি ও এনআইডি লাগবে।"
জমি উত্তরাধিকারসূত্রে পেলে কি নামজারি অনলাইনে হয়?,namjari_inheritance_documents,"মূল মালিকের মৃত্যুর পরে তার ওয়ারিশগণের নামে নামজারি করতে যদি একটি খতিয়ানে সকল ওয়ারিশদের নাম রাখা হয় তবে রেজিস্টার্ড বন্টননামা লাগবে না, যদি একাধিক ওয়ারিশানদের নামে পৃথক খতিয়ান করতে চায় সেক্ষেত্রে রেজিস্টার্ড বন্টননামা লাগবে। এছাড়া হাল ওয়াশিাননামা, মূল মালিকের খতিয়ানের বা নামজারি খতিয়ানের কপি, সকলের ছবি ও এনআইডি লাগবে।"
অনলাইনে ওয়ারিশ অনুযায়ী নামজারি কিভাবে করবো?,namjari_inheritance_documents,"মূল মালিকের মৃত্যুর পরে তার ওয়ারিশগণের নামে নামজারি করতে যদি একটি খতিয়ানে সকল ওয়ারিশদের নাম রাখা হয় তবে রেজিস্টার্ড বন্টননামা লাগবে না, যদি একাধিক ওয়ারিশানদের নামে পৃথক খতিয়ান করতে চায় সেক্ষেত্রে রেজিস্টার্ড বন্টননামা লাগবে। এছাড়া হাল ওয়াশিাননামা, মূল মালিকের খতিয়ানের বা নামজারি খতিয়ানের কপি, সকলের ছবি ও এনআইডি লাগবে।"
ওয়ারিশ হিসেবে নামজারি করতে হলে কী কী ধাপ অনুসরণ করতে হবে?,namjari_inheritance_documents,"মূল মালিকের মৃত্যুর পরে তার ওয়ারিশগণের নামে নামজারি করতে যদি একটি খতিয়ানে সকল ওয়ারিশদের নাম রাখা হয় তবে রেজিস্টার্ড বন্টননামা লাগবে না, যদি একাধিক ওয়ারিশানদের নামে পৃথক খতিয়ান করতে চায় সেক্ষেত্রে রেজিস্টার্ড বন্টননামা লাগবে। এছাড়া হাল ওয়াশিাননামা, মূল মালিকের খতিয়ানের বা নামজারি খতিয়ানের কপি, সকলের ছবি ও এনআইডি লাগবে।"
উত্তরাধিকার সূত্রে নামজারির জন্য কি করতে হবে?,namjari_inheritance_documents,"মূল মালিকের মৃত্যুর পরে তার ওয়ারিশগণের নামে নামজারি করতে যদি একটি খতিয়ানে সকল ওয়ারিশদের নাম রাখা হয় তবে রেজিস্টার্ড বন্টননামা লাগবে না, যদি একাধিক ওয়ারিশানদের নামে পৃথক খতিয়ান করতে চায় সেক্ষেত্রে রেজিস্টার্ড বন্টননামা লাগবে। এছাড়া হাল ওয়াশিাননামা, মূল মালিকের খতিয়ানের বা নামজারি খতিয়ানের কপি, সকলের ছবি ও এনআইডি লাগবে।"
উত্তরাধিকার হিসেবে নামজারি না করলে কি সমস্যা হবে?,namjari_inheritance_documents,"মূল মালিকের মৃত্যুর পরে তার ওয়ারিশগণের নামে নামজারি করতে যদি একটি খতিয়ানে সকল ওয়ারিশদের নাম রাখা হয় তবে রেজিস্টার্ড বন্টননামা লাগবে না, যদি একাধিক ওয়ারিশানদের নামে পৃথক খতিয়ান করতে চায় সেক্ষেত্রে রেজিস্টার্ড বন্টননামা লাগবে। এছাড়া হাল ওয়াশিাননামা, মূল মালিকের খতিয়ানের বা নামজারি খতিয়ানের কপি, সকলের ছবি ও এনআইডি লাগবে।"
জমির ভাগাভাগির দলিল না থাকলে কি নামজারি করা যাবে?,namjari_inheritance_documents,"মূল মালিকের মৃত্যুর পরে তার ওয়ারিশগণের নামে নামজারি করতে যদি একটি খতিয়ানে সকল ওয়ারিশদের নাম রাখা হয় তবে রেজিস্টার্ড বন্টননামা লাগবে না, যদি একাধিক ওয়ারিশানদের নামে পৃথক খতিয়ান করতে চায় সেক্ষেত্রে রেজিস্টার্ড বন্টননামা লাগবে। এছাড়া হাল ওয়াশিাননামা, মূল মালিকের খতিয়ানের বা নামজারি খতিয়ানের কপি, সকলের ছবি ও এনআইডি লাগবে।"
নামজারি করতে কত টাকা সরকারকে দিতে হবে?,namjari_fee,"নামজারি করতে সরকারি ফি মোট ১১৭০/ টাকা। প্রতিটি নামচারির জন্য প্রথমে ২০/ টাকা কোর্ট ফি, পরে ফরম দিাখির করলে ৫০/ টাকা নোটিশ জারি ফি এবং নামজারি মঞ্জুর হলে এর ফি বাবদ ডিসিআরএর জন্য  ১১০০/ টাকা দেয় লাগে। আর কোন টাকা দেয়া লাগে না।"
"কেউ নামজারির জন্য ৫০০০ টাকা চাচ্ছে, এটা কি ঠিক?",namjari_fee,"নামজারি করতে সরকারি ফি মোট ১১৭০/ টাকা। প্রতিটি নামচারির জন্য প্রথমে ২০/ টাকা কোর্ট ফি, পরে ফরম দিাখির করলে ৫০/ টাকা নোটিশ জারি ফি এবং নামজারি মঞ্জুর হলে এর ফি বাবদ ডিসিআরএর জন্য  ১১০০/ টাকা দেয় লাগে। আর কোন টাকা দেয়া লাগে না।"
"নামজারি, খারিজ, মিউটেশন করতে ৫০০০ টাকা লাগার কথা বলছে, আসলে কত?",namjari_fee,"নামজারি করতে সরকারি ফি মোট ১১৭০/ টাকা। প্রতিটি নামচারির জন্য প্রথমে ২০/ টাকা কোর্ট ফি, পরে ফরম দিাখির করলে ৫০/ টাকা নোটিশ জারি ফি এবং নামজারি মঞ্জুর হলে এর ফি বাবদ ডিসিআরএর জন্য  ১১০০/ টাকা দেয় লাগে। আর কোন টাকা দেয়া লাগে না।"
একসাথে কয়েকটা আবেদন করলে কি বেশি খরচ হয়?,namjari_fee,"নামজারি করতে সরকারি ফি মোট ১১৭০/ টাকা। প্রতিটি নামচারির জন্য প্রথমে ২০/ টাকা কোর্ট ফি, পরে ফরম দিাখির করলে ৫০/ টাকা নোটিশ জারি ফি এবং নামজারি মঞ্জুর হলে এর ফি বাবদ ডিসিআরএর জন্য  ১১০০/ টাকা দেয় লাগে। আর কোন টাকা দেয়া লাগে না।"
নামজারির আবেদন দাখিলের পর শুনানীর জন্য কিভাবে জানবো?,namjari_hearing_notification,"নামজারি আবেদন দাখিল হলে মোবাইলে এসএমএস যাবে ও কাগজেও নোটিশ যাবে। এসএমএস বা নোটিশে শুনানীর তারিখ ও সময় থাকবে, মোবাইল করার প্রয়োজন হবে না।"
আমার নামজারির শুনানির সময় জানার কোনো সহজ উপায় আছে?,namjari_hearing_notification,"নামজারি আবেদন দাখিল হলে মোবাইলে এসএমএস যাবে ও কাগজেও নোটিশ যাবে। এসএমএস বা নোটিশে শুনানীর তারিখ ও সময় থাকবে, মোবাইল করার প্রয়োজন হবে না।"
নামজারির শুনানী সম্পর্কিত তথ্য কোথায় পাবো?,namjari_hearing_notification,"নামজারি আবেদন দাখিল হলে মোবাইলে এসএমএস যাবে ও কাগজেও নোটিশ যাবে। এসএমএস বা নোটিশে শুনানীর তারিখ ও সময় থাকবে, মোবাইল করার প্রয়োজন হবে না।"
"নামজারি, খারিজ, মিউটেশন আবেদন দাখিল হলে ভূমি অফিসে যোগাযোগ করতে হবে কিনা?",namjari_hearing_notification,"নামজারি আবেদন দাখিল হলে মোবাইলে এসএমএস যাবে ও কাগজেও নোটিশ যাবে। এসএমএস বা নোটিশে শুনানীর তারিখ ও সময় থাকবে, মোবাইল করার প্রয়োজন হবে না।"
আবেদন করার পর অফিসে যাওয়া লাগে কি?,namjari_hearing_notification,"নামজারি আবেদন দাখিল হলে মোবাইলে এসএমএস যাবে ও কাগজেও নোটিশ যাবে। এসএমএস বা নোটিশে শুনানীর তারিখ ও সময় থাকবে, মোবাইল করার প্রয়োজন হবে না।"
"আবেদন জমা দিয়েছি, ইউনিয়ন অফিসে গিয়ে কিছু বলা লাগে?",namjari_hearing_notification,"নামজারি আবেদন দাখিল হলে মোবাইলে এসএমএস যাবে ও কাগজেও নোটিশ যাবে। এসএমএস বা নোটিশে শুনানীর তারিখ ও সময় থাকবে, মোবাইল করার প্রয়োজন হবে না।"
"খারিজের ব্যাপারে জানতে চাই, মোবাইলে ফোন দিলেই চলবে?",namjari_hearing_notification,"নামজারি আবেদন দাখিল হলে মোবাইলে এসএমএস যাবে ও কাগজেও নোটিশ যাবে। এসএমএস বা নোটিশে শুনানীর তারিখ ও সময় থাকবে, মোবাইল করার প্রয়োজন হবে না।"
শুনানীর নোটিশ কিভাবে পাবো?,namjari_hearing_notification,"নামজারি আবেদন দাখিল হলে মোবাইলে এসএমএস যাবে ও কাগজেও নোটিশ যাবে। এসএমএস বা নোটিশে শুনানীর তারিখ ও সময় থাকবে, মোবাইল করার প্রয়োজন হবে না।"
শুনানীর চিঠি কি বাড়িতে আসে?,namjari_hearing_notification,"নামজারি আবেদন দাখিল হলে মোবাইলে এসএমএস যাবে ও কাগজেও নোটিশ যাবে। এসএমএস বা নোটিশে শুনানীর তারিখ ও সময় থাকবে, মোবাইল করার প্রয়োজন হবে না।"
পোস্ট অফিসে গিয়েই কি শুনানির নোটিশ নিতে হয়?,namjari_hearing_notification,"নামজারি আবেদন দাখিল হলে মোবাইলে এসএমএস যাবে ও কাগজেও নোটিশ যাবে। এসএমএস বা নোটিশে শুনানীর তারিখ ও সময় থাকবে, মোবাইল করার প্রয়োজন হবে না।"
শুনানির নোটিশ হাতে না পেলে পোস্ট অফিসে খোঁজ নিবো?,namjari_hearing_notification,"নামজারি আবেদন দাখিল হলে মোবাইলে এসএমএস যাবে ও কাগজেও নোটিশ যাবে। এসএমএস বা নোটিশে শুনানীর তারিখ ও সময় থাকবে, মোবাইল করার প্রয়োজন হবে না।"
পোস্ট অফিসে গিয়ে শুনানীর নোটিশ চাইতে হয় কি?,namjari_hearing_notification,"নামজারি আবেদন দাখিল হলে মোবাইলে এসএমএস যাবে ও কাগজেও নোটিশ যাবে। এসএমএস বা নোটিশে শুনানীর তারিখ ও সময় থাকবে, মোবাইল করার প্রয়োজন হবে না।"
শুনানীর দিন কি সব প্রয়োজনীয় দলিল দেখাতে হয়?,namjari_hearing_documents,"শুনানীর সময় যে সব কাগজাদি আপলোড করা হয়েছে , আবেদনকারী নিজে বা তার পক্ষে যে কাগজাদি বোঝে এমন কাউকে সব কাগজাদি নিয়ে যেতে হবে। অন্য কোন প্রয়োজনীয় কাগজাদি থাকলে তাও নেয়া ভাল।"
শুনানীতে কি আবেদনকারী নিজে উপস্থিত থাকতে হবে?,namjari_hearing_documents,"শুনানীর সময় যে সব কাগজাদি আপলোড করা হয়েছে , আবেদনকারী নিজে বা তার পক্ষে যে কাগজাদি বোঝে এমন কাউকে সব কাগজাদি নিয়ে যেতে হবে। অন্য কোন প্রয়োজনীয় কাগজাদি থাকলে তাও নেয়া ভাল।"
আবেদনকারী ছাড়া কি অন্য কেউ শুনানীতে যেতে পারে?,namjari_hearing_documents,"শুনানীর সময় যে সব কাগজাদি আপলোড করা হয়েছে , আবেদনকারী নিজে বা তার পক্ষে যে কাগজাদি বোঝে এমন কাউকে সব কাগজাদি নিয়ে যেতে হবে। অন্য কোন প্রয়োজনীয় কাগজাদি থাকলে তাও নেয়া ভাল।"
আবেদনকারী না গেলে শুনানী হবে না কি?,namjari_hearing_documents,"শুনানীর সময় যে সব কাগজাদি আপলোড করা হয়েছে , আবেদনকারী নিজে বা তার পক্ষে যে কাগজাদি বোঝে এমন কাউকে সব কাগজাদি নিয়ে যেতে হবে। অন্য কোন প্রয়োজনীয় কাগজাদি থাকলে তাও নেয়া ভাল।"
বন্ধু বা আত্মীয় কাগজ নিয়ে গেলে শুনানি হবে?,namjari_hearing_documents,"শুনানীর সময় যে সব কাগজাদি আপলোড করা হয়েছে , আবেদনকারী নিজে বা তার পক্ষে যে কাগজাদি বোঝে এমন কাউকে সব কাগজাদি নিয়ে যেতে হবে। অন্য কোন প্রয়োজনীয় কাগজাদি থাকলে তাও নেয়া ভাল।"
আবেদনকারী ছাড়া কেউ গেলে কি শুনানী বাতিল হয়?,namjari_hearing_documents,"শুনানীর সময় যে সব কাগজাদি আপলোড করা হয়েছে , আবেদনকারী নিজে বা তার পক্ষে যে কাগজাদি বোঝে এমন কাউকে সব কাগজাদি নিয়ে যেতে হবে। অন্য কোন প্রয়োজনীয় কাগজাদি থাকলে তাও নেয়া ভাল।"
দলিল আপলোড করা থাকলেও আবার দেখাতে হয় কেন?,namjari_hearing_documents,"শুনানীর সময় যে সব কাগজাদি আপলোড করা হয়েছে , আবেদনকারী নিজে বা তার পক্ষে যে কাগজাদি বোঝে এমন কাউকে সব কাগজাদি নিয়ে যেতে হবে। অন্য কোন প্রয়োজনীয় কাগজাদি থাকলে তাও নেয়া ভাল।"
"কাগজ দেখাতে হবে কেন, সব তো ইতিমধ্যেই জমা আছে?",namjari_hearing_documents,"শুনানীর সময় যে সব কাগজাদি আপলোড করা হয়েছে , আবেদনকারী নিজে বা তার পক্ষে যে কাগজাদি বোঝে এমন কাউকে সব কাগজাদি নিয়ে যেতে হবে। অন্য কোন প্রয়োজনীয় কাগজাদি থাকলে তাও নেয়া ভাল।"
নামজারি মামলার প্রগ্রেস বা স্ট্যাটাস কিভাবে দেখবো?,namjari_status_check,"নামজারি মামলার অগ্রগতি জানতে  land,gov,bd তে প্রবেশ করে আবেদন অবস্থা বাটনে ক্লিক করে তথ্য দিলে আপনি মামলঅর অবস্ধা জানতে পারবেন।"
নামজারি আবেদন করেছি অনেকদিন কি আবস্থায় আছে জানবো কিভাবে?,namjari_status_check,"নামজারি মামলার অগ্রগতি জানতে  land,gov,bd তে প্রবেশ করে আবেদন অবস্থা বাটনে ক্লিক করে তথ্য দিলে আপনি মামলঅর অবস্ধা জানতে পারবেন।"
নামজারির আপডেট জানার জন্য কোথায় যোগাযোগ করবো?,namjari_status_check,"নামজারি মামলার অগ্রগতি জানতে  land,gov,bd তে প্রবেশ করে আবেদন অবস্থা বাটনে ক্লিক করে তথ্য দিলে আপনি মামলঅর অবস্ধা জানতে পারবেন।"
কার অফিসে বা কোন কর্মকর্তা মামলাটি আছে তা কিভাবে জানি?,namjari_status_check,"নামজারি মামলার অগ্রগতি জানতে  land,gov,bd তে প্রবেশ করে আবেদন অবস্থা বাটনে ক্লিক করে তথ্য দিলে আপনি মামলঅর অবস্ধা জানতে পারবেন।"
"নামজারি, খারিজ, মিউটেশন মামলা নামঞ্জুর হলে কি করবো?",namjari_rejected_appeal,"এসি ল্যান্ড নামজারি না মঞ্জুর করলে এসি (ল্যান্ড) এর নিকট ১৫০ ধারায় রিভিউ বা অতিরিক্ত জেলা প্রশাসক (রাজস্ব) এর নিকট আপিল করা যায়। মনে রাখতে হবে, একবার নামজারি নামঞ্জুর হলে দ্বিতীয় বার আবেদন করা যায় না আবার রিভিউ নামঞ্জুর হলে আপিল করা যায় না।"
"অনলাইনে নামজারি করেছিলাম কিছুদিন আগে, এখন এর স্ট্যাটাস কিভাবে দেখবো?",namjari_rejected_appeal,"এসি ল্যান্ড নামজারি না মঞ্জুর করলে এসি (ল্যান্ড) এর নিকট ১৫০ ধারায় রিভিউ বা অতিরিক্ত জেলা প্রশাসক (রাজস্ব) এর নিকট আপিল করা যায়। মনে রাখতে হবে, একবার নামজারি নামঞ্জুর হলে দ্বিতীয় বার আবেদন করা যায় না আবার রিভিউ নামঞ্জুর হলে আপিল করা যায় না।"
কেন নামঞ্জুর হলো বুঝতে পারছি না — সমাধান কী?,namjari_rejected_appeal,"এসি ল্যান্ড নামজারি না মঞ্জুর করলে এসি (ল্যান্ড) এর নিকট ১৫০ ধারায় রিভিউ বা অতিরিক্ত জেলা প্রশাসক (রাজস্ব) এর নিকট আপিল করা যায়। মনে রাখতে হবে, একবার নামজারি নামঞ্জুর হলে দ্বিতীয় বার আবেদন করা যায় না আবার রিভিউ নামঞ্জুর হলে আপিল করা যায় না।"
নামজারি বাতিল হলে কি আবার নতুন আবেদন দিতে হবে?,namjari_rejected_appeal,"এসি ল্যান্ড নামজারি না মঞ্জুর করলে এসি (ল্যান্ড) এর নিকট ১৫০ ধারায় রিভিউ বা অতিরিক্ত জেলা প্রশাসক (রাজস্ব) এর নিকট আপিল করা যায়। মনে রাখতে হবে, একবার নামজারি নামঞ্জুর হলে দ্বিতীয় বার আবেদন করা যায় না আবার রিভিউ নামঞ্জুর হলে আপিল করা যায় না।"
পুরাতন মামলা বাতিল হলে কি নতুনভাবে শুরু করতে হবে?,namjari_rejected_appeal,"এসি ল্যান্ড নামজারি না মঞ্জুর করলে এসি (ল্যান্ড) এর নিকট ১৫০ ধারায় রিভিউ বা অতিরিক্ত জেলা প্রশাসক (রাজস্ব) এর নিকট আপিল করা যায়। মনে রাখতে হবে, একবার নামজারি নামঞ্জুর হলে দ্বিতীয় বার আবেদন করা যায় না আবার রিভিউ নামঞ্জুর হলে আপিল করা যায় না।"
"আমার সব ডকুমেন্ট ঠিক থাকার পরেও নামঞ্জুর করেছে, এখন পরবর্তী পদক্ষেপ কী?",namjari_rejected_appeal,"এসি ল্যান্ড নামজারি না মঞ্জুর করলে এসি (ল্যান্ড) এর নিকট ১৫০ ধারায় রিভিউ বা অতিরিক্ত জেলা প্রশাসক (রাজস্ব) এর নিকট আপিল করা যায়। মনে রাখতে হবে, একবার নামজারি নামঞ্জুর হলে দ্বিতীয় বার আবেদন করা যায় না আবার রিভিউ নামঞ্জুর হলে আপিল করা যায় না।"
"আমি দুইবার নামজারির চেষ্টা করলাম, দুইবারই বাদ দিয়েছে, এখন আর কোনো পথ আছে?",namjari_rejected_appeal,"এসি ল্যান্ড নামজারি না মঞ্জুর করলে এসি (ল্যান্ড) এর নিকট ১৫০ ধারায় রিভিউ বা অতিরিক্ত জেলা প্রশাসক (রাজস্ব) এর নিকট আপিল করা যায়। মনে রাখতে হবে, একবার নামজারি নামঞ্জুর হলে দ্বিতীয় বার আবেদন করা যায় না আবার রিভিউ নামঞ্জুর হলে আপিল করা যায় না।"
"বারবার আবেদন করেও নামঞ্জুর হচ্ছে, কোথায় সমস্যাটা হচ্ছে বুঝছি না — কার সাথে কথা বলবো?",namjari_rejected_appeal,"এসি ল্যান্ড নামজারি না মঞ্জুর করলে এসি (ল্যান্ড) এর নিকট ১৫০ ধারায় রিভিউ বা অতিরিক্ত জেলা প্রশাসক (রাজস্ব) এর নিকট আপিল করা যায়। মনে রাখতে হবে, একবার নামজারি নামঞ্জুর হলে দ্বিতীয় বার আবেদন করা যায় না আবার রিভিউ নামঞ্জুর হলে আপিল করা যায় না।"
শুনানীর সুযোগ না দিয়ে নামঞ্জুর করায় আমি কীভাবে আপিল করবো?,namjari_rejected_appeal,"এসি ল্যান্ড নামজারি না মঞ্জুর করলে এসি (ল্যান্ড) এর নিকট ১৫০ ধারায় রিভিউ বা অতিরিক্ত জেলা প্রশাসক (রাজস্ব) এর নিকট আপিল করা যায়। মনে রাখতে হবে, একবার নামজারি নামঞ্জুর হলে দ্বিতীয় বার আবেদন করা যায় না আবার রিভিউ নামঞ্জুর হলে আপিল করা যায় না।"
"নামজারি হয়ে গেছে, এখন খতিয়ানের কপি কীভাবে পাবো?",namjari_khatian_copy,নামজারি মহ্জুর হলে আপনার মোবাইলে ১১০ টাকা জমা দেবার জন্য মেসেজ গেলে আপনি আপনার প্রোফইল হতে টাকা জমা দিলে আপনার নামে ডিসিআর ও খতিয়ান প্রস্তুত হয়ে আপনার প্রোফাইলে জমা থাকবে। আপনি আপনার মন মতো সময়ে তা প্রিন্ট নিতে পারবেন ও তা অনলাইনেও দেখাবে।
আমার নামজারি মঞ্জুর হয়েছে খতিয়ান কি আমি উঠাতে পারবো?,namjari_khatian_copy,নামজারি মহ্জুর হলে আপনার মোবাইলে ১১০ টাকা জমা দেবার জন্য মেসেজ গেলে আপনি আপনার প্রোফইল হতে টাকা জমা দিলে আপনার নামে ডিসিআর ও খতিয়ান প্রস্তুত হয়ে আপনার প্রোফাইলে জমা থাকবে। আপনি আপনার মন মতো সময়ে তা প্রিন্ট নিতে পারবেন ও তা অনলাইনেও দেখাবে।
ওয়েবসাইট থেকে খতিয়ান ডাউনলোড করা যাবে কি?,namjari_khatian_copy,নামজারি মহ্জুর হলে আপনার মোবাইলে ১১০ টাকা জমা দেবার জন্য মেসেজ গেলে আপনি আপনার প্রোফইল হতে টাকা জমা দিলে আপনার নামে ডিসিআর ও খতিয়ান প্রস্তুত হয়ে আপনার প্রোফাইলে জমা থাকবে। আপনি আপনার মন মতো সময়ে তা প্রিন্ট নিতে পারবেন ও তা অনলাইনেও দেখাবে।
নামজারির পর কি খতিয়ানের সফট কপি পাওয়া যায়?,namjari_khatian_copy,নামজারি মহ্জুর হলে আপনার মোবাইলে ১১০ টাকা জমা দেবার জন্য মেসেজ গেলে আপনি আপনার প্রোফইল হতে টাকা জমা দিলে আপনার নামে ডিসিআর ও খতিয়ান প্রস্তুত হয়ে আপনার প্রোফাইলে জমা থাকবে। আপনি আপনার মন মতো সময়ে তা প্রিন্ট নিতে পারবেন ও তা অনলাইনেও দেখাবে।
অনলাইন থেকে খতিয়ান সংগ্রহ সম্ভব কি?,namjari_khatian_copy,নামজারি মহ্জুর হলে আপনার মোবাইলে ১১০ টাকা জমা দেবার জন্য মেসেজ গেলে আপনি আপনার প্রোফইল হতে টাকা জমা দিলে আপনার নামে ডিসিআর ও খতিয়ান প্রস্তুত হয়ে আপনার প্রোফাইলে জমা থাকবে। আপনি আপনার মন মতো সময়ে তা প্রিন্ট নিতে পারবেন ও তা অনলাইনেও দেখাবে।
খতিয়ানের প্রিন্ট নিজে নিতে হলে কোথায় যেতে হবে?,namjari_khatian_copy,নামজারি মহ্জুর হলে আপনার মোবাইলে ১১০ টাকা জমা দেবার জন্য মেসেজ গেলে আপনি আপনার প্রোফইল হতে টাকা জমা দিলে আপনার নামে ডিসিআর ও খতিয়ান প্রস্তুত হয়ে আপনার প্রোফাইলে জমা থাকবে। আপনি আপনার মন মতো সময়ে তা প্রিন্ট নিতে পারবেন ও তা অনলাইনেও দেখাবে।
"খারিজ হয়ে গেছে, এখন খতিয়ান নিজে থেকে উঠাতে পারবো",namjari_khatian_correction,নামজারি মঞ্জুর হয়েছে খতিয়ানে যে কোন ভুলের জন্য আপনি আপনার প্রোফাইল হতে সংশোধন বাটনে ক্লিক করে তথ্য দিয়ে সংশোধনের আবেদন করতে পারবেন এবং এসি (ল্যান্ড) মঞ্জুর করলে আপনি সংশোধিত খতিয়ান পাবেন।
নামজারি শেষ হলে কি সরাসরি অনলাইনে খতিয়ান ডাউনলোড করা যায়?,namjari_khatian_correction,নামজারি মঞ্জুর হয়েছে খতিয়ানে যে কোন ভুলের জন্য আপনি আপনার প্রোফাইল হতে সংশোধন বাটনে ক্লিক করে তথ্য দিয়ে সংশোধনের আবেদন করতে পারবেন এবং এসি (ল্যান্ড) মঞ্জুর করলে আপনি সংশোধিত খতিয়ান পাবেন।
"অনলাইনে নামজারি করেছিলাম, এখন খতিয়ান কপি কোথা থেকে নিতে হবে?",namjari_khatian_correction,নামজারি মঞ্জুর হয়েছে খতিয়ানে যে কোন ভুলের জন্য আপনি আপনার প্রোফাইল হতে সংশোধন বাটনে ক্লিক করে তথ্য দিয়ে সংশোধনের আবেদন করতে পারবেন এবং এসি (ল্যান্ড) মঞ্জুর করলে আপনি সংশোধিত খতিয়ান পাবেন।
নামের সংশোধনের জন্য কি আলাদা আবেদন লাগে?,namjari_khatian_correction,নামজারি মঞ্জুর হয়েছে খতিয়ানে যে কোন ভুলের জন্য আপনি আপনার প্রোফাইল হতে সংশোধন বাটনে ক্লিক করে তথ্য দিয়ে সংশোধনের আবেদন করতে পারবেন এবং এসি (ল্যান্ড) মঞ্জুর করলে আপনি সংশোধিত খতিয়ান পাবেন।
খতিয়ানে জমির একর/শতক ঠিক নেই — কী করবো?,namjari_khatian_correction,নামজারি মঞ্জুর হয়েছে খতিয়ানে যে কোন ভুলের জন্য আপনি আপনার প্রোফাইল হতে সংশোধন বাটনে ক্লিক করে তথ্য দিয়ে সংশোধনের আবেদন করতে পারবেন এবং এসি (ল্যান্ড) মঞ্জুর করলে আপনি সংশোধিত খতিয়ান পাবেন।
"শ্রেণি ভুল আছে, সেটা কিভাবে সংশোধন করবো?",namjari_khatian_correction,নামজারি মঞ্জুর হয়েছে খতিয়ানে যে কোন ভুলের জন্য আপনি আপনার প্রোফাইল হতে সংশোধন বাটনে ক্লিক করে তথ্য দিয়ে সংশোধনের আবেদন করতে পারবেন এবং এসি (ল্যান্ড) মঞ্জুর করলে আপনি সংশোধিত খতিয়ান পাবেন।
নামজারি মঞ্জুর হয়েছে খতিয়ানে যে কোন ভুলের জন্য কি করতে হবে?,namjari_khatian_correction,নামজারি মঞ্জুর হয়েছে খতিয়ানে যে কোন ভুলের জন্য আপনি আপনার প্রোফাইল হতে সংশোধন বাটনে ক্লিক করে তথ্য দিয়ে সংশোধনের আবেদন করতে পারবেন এবং এসি (ল্যান্ড) মঞ্জুর করলে আপনি সংশোধিত খতিয়ান পাবেন।
খতিয়ানে ভুল থাকলে সংশোধনের উপায় কী?,namjari_khatian_correction,নামজারি মঞ্জুর হয়েছে খতিয়ানে যে কোন ভুলের জন্য আপনি আপনার প্রোফাইল হতে সংশোধন বাটনে ক্লিক করে তথ্য দিয়ে সংশোধনের আবেদন করতে পারবেন এবং এসি (ল্যান্ড) মঞ্জুর করলে আপনি সংশোধিত খতিয়ান পাবেন।
